Id,Expected
2021-07-01_D1,520
2021-07-01_D10,190
2021-07-01_D11,1027
2021-07-01_D12,2556
2021-07-01_D13,1531
2021-07-01_D14,1202
2021-07-01_D15,740
2021-07-01_D16,1998
2021-07-01_D17,299
2021-07-01_D18,731
2021-07-01_D19,682
2021-07-01_D2,532
2021-07-01_D20,496
2021-07-01_D21,1049
2021-07-01_D22,406
2021-07-01_D23,662
2021-07-01_D24,500
2021-07-01_D25,284
2021-07-01_D26,413
2021-07-01_D27,142
2021-07-01_D28,187
2021-07-01_D29,157
2021-07-01_D3,488
2021-07-01_D30,99
2021-07-01_D31,1189
2021-07-01_D32,849
2021-07-01_D33,861
2021-07-01_D34,1298
2021-07-01_D35,657
2021-07-01_D36,695
2021-07-01_D37,849
2021-07-01_D38,1014
2021-07-01_D39,433
2021-07-01_D4,399
2021-07-01_D40,466
2021-07-01_D41,338
2021-07-01_D42,1012
2021-07-01_D43,507
2021-07-01_D44,753
2021-07-01_D45,689
2021-07-01_D46,715
2021-07-01_D47,580
2021-07-01_D48,816
2021-07-01_D49,433
2021-07-01_D5,399
2021-07-01_D50,508
2021-07-01_D51,254
2021-07-01_D52,208
2021-07-01_D53,232
2021-07-01_D54,372
2021-07-01_D55,221
2021-07-01_D56,200
2021-07-01_D57,264
2021-07-01_D58,136
2021-07-01_D59,140
2021-07-01_D6,308
2021-07-01_D60,188
2021-07-01_D61,131
2021-07-01_D62,124
2021-07-01_D63,127
2021-07-01_D64,124
2021-07-01_D65,124
2021-07-01_D66,119
2021-07-01_D67,100
2021-07-01_D68,182
2021-07-01_D69,115
2021-07-01_D7,307
2021-07-01_D70,200
2021-07-01_D71,1102
2021-07-01_D72,1346
2021-07-01_D73,690
2021-07-01_D74,1059
2021-07-01_D75,867
2021-07-01_D76,897
2021-07-01_D77,734
2021-07-01_D78,636
2021-07-01_D79,708
2021-07-01_D8,393
2021-07-01_D80,827
2021-07-01_D9,269
2021-07-02_D1,451
2021-07-02_D10,191
2021-07-02_D11,1140
2021-07-02_D12,2515
2021-07-02_D13,1029
2021-07-02_D14,923
2021-07-02_D15,833
2021-07-02_D16,1269
2021-07-02_D17,388
2021-07-02_D18,494
2021-07-02_D19,626
2021-07-02_D2,808
2021-07-02_D20,178
2021-07-02_D21,798
2021-07-02_D22,626
2021-07-02_D23,622
2021-07-02_D24,499
2021-07-02_D25,92
2021-07-02_D26,138
2021-07-02_D27,37
2021-07-02_D28,131
2021-07-02_D29,95
2021-07-02_D3,333
2021-07-02_D30,361
2021-07-02_D31,646
2021-07-02_D32,592
2021-07-02_D33,560
2021-07-02_D34,646
2021-07-02_D35,488
2021-07-02_D36,482
2021-07-02_D37,704
2021-07-02_D38,527
2021-07-02_D39,163
2021-07-02_D4,221
2021-07-02_D40,374
2021-07-02_D41,374
2021-07-02_D42,963
2021-07-02_D43,319
2021-07-02_D44,298
2021-07-02_D45,464
2021-07-02_D46,217
2021-07-02_D47,812
2021-07-02_D48,458
2021-07-02_D49,221
2021-07-02_D5,249
2021-07-02_D50,217
2021-07-02_D51,128
2021-07-02_D52,261
2021-07-02_D53,270
2021-07-02_D54,240
2021-07-02_D55,122
2021-07-02_D56,96
2021-07-02_D57,200
2021-07-02_D58,132
2021-07-02_D59,126
2021-07-02_D6,263
2021-07-02_D60,3
2021-07-02_D61,115
2021-07-02_D62,121
2021-07-02_D63,97
2021-07-02_D64,80
2021-07-02_D65,84
2021-07-02_D66,101
2021-07-02_D67,116
2021-07-02_D68,101
2021-07-02_D69,89
2021-07-02_D7,81
2021-07-02_D70,101
2021-07-02_D71,487
2021-07-02_D72,816
2021-07-02_D73,189
2021-07-02_D74,712
2021-07-02_D75,291
2021-07-02_D76,1878
2021-07-02_D77,550
2021-07-02_D78,324
2021-07-02_D79,309
2021-07-02_D8,431
2021-07-02_D80,397
2021-07-02_D9,244
2021-07-03_D1,421
2021-07-03_D10,272
2021-07-03_D11,1108
2021-07-03_D12,2131
2021-07-03_D13,916
2021-07-03_D14,856
2021-07-03_D15,883
2021-07-03_D16,1256
2021-07-03_D17,951
2021-07-03_D18,593
2021-07-03_D19,442
2021-07-03_D2,555
2021-07-03_D20,442
2021-07-03_D21,497
2021-07-03_D22,674
2021-07-03_D23,490
2021-07-03_D24,299
2021-07-03_D25,231
2021-07-03_D26,275
2021-07-03_D27,144
2021-07-03_D28,258
2021-07-03_D29,18
2021-07-03_D3,223
2021-07-03_D30,196
2021-07-03_D31,557
2021-07-03_D32,546
2021-07-03_D33,585
2021-07-03_D34,350
2021-07-03_D35,418
2021-07-03_D36,323
2021-07-03_D37,438
2021-07-03_D38,575
2021-07-03_D39,408
2021-07-03_D4,338
2021-07-03_D40,325
2021-07-03_D41,542
2021-07-03_D42,610
2021-07-03_D43,216
2021-07-03_D44,247
2021-07-03_D45,423
2021-07-03_D46,292
2021-07-03_D47,684
2021-07-03_D48,407
2021-07-03_D49,361
2021-07-03_D5,117
2021-07-03_D50,326
2021-07-03_D51,130
2021-07-03_D52,246
2021-07-03_D53,203
2021-07-03_D54,220
2021-07-03_D55,249
2021-07-03_D56,137
2021-07-03_D57,168
2021-07-03_D58,100
2021-07-03_D59,173
2021-07-03_D6,126
2021-07-03_D60,114
2021-07-03_D61,42
2021-07-03_D62,97
2021-07-03_D63,109
2021-07-03_D64,118
2021-07-03_D65,14
2021-07-03_D66,109
2021-07-03_D67,182
2021-07-03_D68,118
2021-07-03_D69,114
2021-07-03_D7,126
2021-07-03_D70,118
2021-07-03_D71,712
2021-07-03_D72,747
2021-07-03_D73,395
2021-07-03_D74,570
2021-07-03_D75,561
2021-07-03_D76,734
2021-07-03_D77,876
2021-07-03_D78,325
2021-07-03_D79,540
2021-07-03_D8,370
2021-07-03_D80,608
2021-07-03_D9,196
2021-07-04_D1,1391
2021-07-04_D10,582
2021-07-04_D11,833
2021-07-04_D12,1605
2021-07-04_D13,1168
2021-07-04_D14,1029
2021-07-04_D15,867
2021-07-04_D16,1056
2021-07-04_D17,680
2021-07-04_D18,754
2021-07-04_D19,661
2021-07-04_D20,341
2021-07-04_D21,879
2021-07-04_D22,278
2021-07-04_D23,636
2021-07-04_D24,29
2021-07-04_D25,72
2021-07-04_D26,206
2021-07-04_D27,-93
2021-07-04_D28,417
2021-07-04_D29,115
2021-07-04_D3,605
2021-07-04_D30,578
2021-07-04_D4,1689
2021-07-04_D5,380
2021-07-04_D51,140
2021-07-04_D52,250
2021-07-04_D53,252
2021-07-04_D54,162
2021-07-04_D55,140
2021-07-04_D56,113
2021-07-04_D57,234
2021-07-04_D58,140
2021-07-04_D59,252
2021-07-04_D6,264
2021-07-04_D60,113
2021-07-04_D61,65
2021-07-04_D62,161
2021-07-04_D63,159
2021-07-04_D64,117
2021-07-04_D65,141
2021-07-04_D66,108
2021-07-04_D67,87
2021-07-04_D68,80
2021-07-04_D69,131
2021-07-04_D7,392
2021-07-04_D70,90
2021-07-04_D71,1374
2021-07-04_D72,2422
2021-07-04_D73,1011
2021-07-04_D74,1578
2021-07-04_D75,1259
2021-07-04_D76,995
2021-07-04_D77,1163
2021-07-04_D78,1206
2021-07-04_D79,1289
2021-07-04_D8,999
2021-07-04_D80,1375
2021-07-04_D9,960
2021-07-05_D1,334
2021-07-05_D10,334
2021-07-05_D11,447
2021-07-05_D12,420
2021-07-05_D13,839
2021-07-05_D14,379
2021-07-05_D15,483
2021-07-05_D16,271
2021-07-05_D17,417
2021-07-05_D18,252
2021-07-05_D19,398
2021-07-05_D2,475
2021-07-05_D20,411
2021-07-05_D21,299
2021-07-05_D22,149
2021-07-05_D23,245
2021-07-05_D24,106
2021-07-05_D25,74
2021-07-05_D26,88
2021-07-05_D27,96
2021-07-05_D28,307
2021-07-05_D29,9
2021-07-05_D3,255
2021-07-05_D30,21
2021-07-05_D31,224
2021-07-05_D32,379
2021-07-05_D33,395
2021-07-05_D34,225
2021-07-05_D35,133
2021-07-05_D36,262
2021-07-05_D37,262
2021-07-05_D38,384
2021-07-05_D39,224
2021-07-05_D4,489
2021-07-05_D40,235
2021-07-05_D41,270
2021-07-05_D42,192
2021-07-05_D43,252
2021-07-05_D44,367
2021-07-05_D45,239
2021-07-05_D46,320
2021-07-05_D47,381
2021-07-05_D48,217
2021-07-05_D49,224
2021-07-05_D5,161
2021-07-05_D50,267
2021-07-05_D51,73
2021-07-05_D52,166
2021-07-05_D53,98
2021-07-05_D54,90
2021-07-05_D55,73
2021-07-05_D56,73
2021-07-05_D57,122
2021-07-05_D58,74
2021-07-05_D59,70
2021-07-05_D6,110
2021-07-05_D60,65
2021-07-05_D61,48
2021-07-05_D62,54
2021-07-05_D63,71
2021-07-05_D64,65
2021-07-05_D65,71
2021-07-05_D66,46
2021-07-05_D67,63
2021-07-05_D68,63
2021-07-05_D69,65
2021-07-05_D7,204
2021-07-05_D70,63
2021-07-05_D71,386
2021-07-05_D72,447
2021-07-05_D73,319
2021-07-05_D74,595
2021-07-05_D75,375
2021-07-05_D76,360
2021-07-05_D77,355
2021-07-05_D78,385
2021-07-05_D79,366
2021-07-05_D8,317
2021-07-05_D80,311
2021-07-05_D9,354
2021-07-06_D1,715
2021-07-06_D10,376
2021-07-06_D11,1661
2021-07-06_D12,1242
2021-07-06_D13,1091
2021-07-06_D14,1158
2021-07-06_D15,1977
2021-07-06_D16,467
2021-07-06_D17,1542
2021-07-06_D18,1009
2021-07-06_D19,533
2021-07-06_D2,776
2021-07-06_D20,445
2021-07-06_D21,689
2021-07-06_D22,435
2021-07-06_D23,500
2021-07-06_D24,673
2021-07-06_D25,174
2021-07-06_D26,466
2021-07-06_D27,355
2021-07-06_D28,535
2021-07-06_D29,157
2021-07-06_D3,466
2021-07-06_D30,226
2021-07-06_D31,712
2021-07-06_D32,1120
2021-07-06_D33,698
2021-07-06_D34,903
2021-07-06_D35,794
2021-07-06_D36,794
2021-07-06_D37,866
2021-07-06_D38,1243
2021-07-06_D39,556
2021-07-06_D4,501
2021-07-06_D40,556
2021-07-06_D41,604
2021-07-06_D42,525
2021-07-06_D43,617
2021-07-06_D44,575
2021-07-06_D45,395
2021-07-06_D46,575
2021-07-06_D47,794
2021-07-06_D48,406
2021-07-06_D49,549
2021-07-06_D5,226
2021-07-06_D50,533
2021-07-06_D51,310
2021-07-06_D52,344
2021-07-06_D53,333
2021-07-06_D54,234
2021-07-06_D55,122
2021-07-06_D56,570
2021-07-06_D57,251
2021-07-06_D58,192
2021-07-06_D59,83
2021-07-06_D6,226
2021-07-06_D60,170
2021-07-06_D61,41
2021-07-06_D62,167
2021-07-06_D63,229
2021-07-06_D64,41
2021-07-06_D65,94
2021-07-06_D66,100
2021-07-06_D67,112
2021-07-06_D68,176
2021-07-06_D69,104
2021-07-06_D7,219
2021-07-06_D70,112
2021-07-06_D71,983
2021-07-06_D72,593
2021-07-06_D73,781
2021-07-06_D74,696
2021-07-06_D75,730
2021-07-06_D76,933
2021-07-06_D77,587
2021-07-06_D78,286
2021-07-06_D79,628
2021-07-06_D8,208
2021-07-06_D80,455
2021-07-06_D9,328
2021-07-07_D1,865
2021-07-07_D10,306
2021-07-07_D11,1481
2021-07-07_D12,1961
2021-07-07_D13,1404
2021-07-07_D14,1229
2021-07-07_D15,1004
2021-07-07_D16,1663
2021-07-07_D17,1234
2021-07-07_D18,948
2021-07-07_D19,864
2021-07-07_D2,442
2021-07-07_D20,449
2021-07-07_D21,1544
2021-07-07_D22,1169
2021-07-07_D23,1025
2021-07-07_D24,505
2021-07-07_D25,396
2021-07-07_D26,301
2021-07-07_D27,247
2021-07-07_D28,511
2021-07-07_D29,352
2021-07-07_D3,240
2021-07-07_D30,681
2021-07-07_D31,1325
2021-07-07_D32,812
2021-07-07_D33,1011
2021-07-07_D34,1565
2021-07-07_D35,704
2021-07-07_D36,561
2021-07-07_D37,840
2021-07-07_D38,767
2021-07-07_D39,505
2021-07-07_D4,514
2021-07-07_D40,614
2021-07-07_D41,604
2021-07-07_D42,846
2021-07-07_D43,459
2021-07-07_D44,679
2021-07-07_D45,557
2021-07-07_D46,518
2021-07-07_D47,775
2021-07-07_D48,978
2021-07-07_D49,375
2021-07-07_D5,137
2021-07-07_D50,505
2021-07-07_D51,308
2021-07-07_D52,293
2021-07-07_D53,189
2021-07-07_D54,327
2021-07-07_D55,265
2021-07-07_D56,185
2021-07-07_D57,366
2021-07-07_D58,250
2021-07-07_D59,305
2021-07-07_D6,119
2021-07-07_D60,250
2021-07-07_D61,240
2021-07-07_D62,233
2021-07-07_D63,250
2021-07-07_D64,250
2021-07-07_D65,228
2021-07-07_D66,168
2021-07-07_D67,252
2021-07-07_D68,258
2021-07-07_D69,267
2021-07-07_D7,100
2021-07-07_D70,228
2021-07-07_D71,696
2021-07-07_D72,755
2021-07-07_D73,404
2021-07-07_D74,533
2021-07-07_D75,674
2021-07-07_D76,522
2021-07-07_D77,507
2021-07-07_D78,527
2021-07-07_D79,537
2021-07-07_D8,477
2021-07-07_D80,727
2021-07-07_D9,429
2021-07-08_D1,539
2021-07-08_D10,272
2021-07-08_D11,1665
2021-07-08_D12,2645
2021-07-08_D13,2035
2021-07-08_D14,1408
2021-07-08_D15,1046
2021-07-08_D16,1079
2021-07-08_D17,896
2021-07-08_D18,800
2021-07-08_D19,829
2021-07-08_D2,589
2021-07-08_D20,468
2021-07-08_D21,1143
2021-07-08_D22,728
2021-07-08_D23,495
2021-07-08_D24,283
2021-07-08_D25,253
2021-07-08_D26,69
2021-07-08_D27,86
2021-07-08_D28,189
2021-07-08_D29,332
2021-07-08_D3,423
2021-07-08_D30,-44
2021-07-08_D31,770
2021-07-08_D32,598
2021-07-08_D33,686
2021-07-08_D34,1030
2021-07-08_D35,844
2021-07-08_D36,586
2021-07-08_D37,548
2021-07-08_D38,498
2021-07-08_D39,299
2021-07-08_D4,467
2021-07-08_D40,579
2021-07-08_D41,843
2021-07-08_D42,841
2021-07-08_D43,589
2021-07-08_D44,414
2021-07-08_D45,497
2021-07-08_D46,844
2021-07-08_D47,606
2021-07-08_D48,683
2021-07-08_D49,307
2021-07-08_D5,229
2021-07-08_D50,400
2021-07-08_D51,226
2021-07-08_D52,282
2021-07-08_D53,245
2021-07-08_D54,273
2021-07-08_D55,204
2021-07-08_D56,125
2021-07-08_D57,266
2021-07-08_D58,136
2021-07-08_D59,188
2021-07-08_D6,189
2021-07-08_D60,204
2021-07-08_D61,170
2021-07-08_D62,188
2021-07-08_D63,188
2021-07-08_D64,188
2021-07-08_D65,107
2021-07-08_D66,101
2021-07-08_D67,182
2021-07-08_D68,182
2021-07-08_D69,124
2021-07-08_D7,251
2021-07-08_D70,182
2021-07-08_D71,1529
2021-07-08_D72,880
2021-07-08_D73,786
2021-07-08_D74,902
2021-07-08_D75,751
2021-07-08_D76,897
2021-07-08_D77,1052
2021-07-08_D78,520
2021-07-08_D79,1046
2021-07-08_D8,430
2021-07-08_D80,484
2021-07-08_D9,398
2021-07-09_D1,429
2021-07-09_D10,213
2021-07-09_D11,1630
2021-07-09_D12,2338
2021-07-09_D13,1567
2021-07-09_D14,1235
2021-07-09_D15,672
2021-07-09_D16,1254
2021-07-09_D17,839
2021-07-09_D18,496
2021-07-09_D19,601
2021-07-09_D2,741
2021-07-09_D20,443
2021-07-09_D21,789
2021-07-09_D22,534
2021-07-09_D23,625
2021-07-09_D24,323
2021-07-09_D25,267
2021-07-09_D26,235
2021-07-09_D27,27
2021-07-09_D28,215
2021-07-09_D29,116
2021-07-09_D3,192
2021-07-09_D30,103
2021-07-09_D31,812
2021-07-09_D32,525
2021-07-09_D33,792
2021-07-09_D34,624
2021-07-09_D35,624
2021-07-09_D36,457
2021-07-09_D37,708
2021-07-09_D38,643
2021-07-09_D39,243
2021-07-09_D4,300
2021-07-09_D40,416
2021-07-09_D41,540
2021-07-09_D42,507
2021-07-09_D43,389
2021-07-09_D44,540
2021-07-09_D45,607
2021-07-09_D46,329
2021-07-09_D47,551
2021-07-09_D48,635
2021-07-09_D49,273
2021-07-09_D5,86
2021-07-09_D50,293
2021-07-09_D51,128
2021-07-09_D52,261
2021-07-09_D53,231
2021-07-09_D54,200
2021-07-09_D55,105
2021-07-09_D56,154
2021-07-09_D57,216
2021-07-09_D58,121
2021-07-09_D59,200
2021-07-09_D6,98
2021-07-09_D60,89
2021-07-09_D61,184
2021-07-09_D62,121
2021-07-09_D63,89
2021-07-09_D64,89
2021-07-09_D65,84
2021-07-09_D66,84
2021-07-09_D67,136
2021-07-09_D68,101
2021-07-09_D69,139
2021-07-09_D7,71
2021-07-09_D70,101
2021-07-09_D71,700
2021-07-09_D72,873
2021-07-09_D73,400
2021-07-09_D74,528
2021-07-09_D75,332
2021-07-09_D76,430
2021-07-09_D77,781
2021-07-09_D78,326
2021-07-09_D79,373
2021-07-09_D8,115
2021-07-09_D80,782
2021-07-09_D9,197
2021-07-10_D1,563
2021-07-10_D10,548
2021-07-10_D11,1402
2021-07-10_D12,1902
2021-07-10_D13,669
2021-07-10_D14,1032
2021-07-10_D15,1815
2021-07-10_D16,1008
2021-07-10_D17,703
2021-07-10_D18,302
2021-07-10_D19,616
2021-07-10_D2,584
2021-07-10_D20,241
2021-07-10_D21,318
2021-07-10_D22,680
2021-07-10_D23,257
2021-07-10_D24,190
2021-07-10_D25,219
2021-07-10_D26,46
2021-07-10_D27,109
2021-07-10_D28,686
2021-07-10_D29,142
2021-07-10_D3,100
2021-07-10_D30,588
2021-07-10_D31,511
2021-07-10_D32,647
2021-07-10_D33,682
2021-07-10_D34,543
2021-07-10_D35,313
2021-07-10_D36,244
2021-07-10_D37,356
2021-07-10_D38,271
2021-07-10_D39,369
2021-07-10_D4,379
2021-07-10_D40,402
2021-07-10_D41,313
2021-07-10_D42,528
2021-07-10_D43,380
2021-07-10_D44,247
2021-07-10_D45,340
2021-07-10_D46,317
2021-07-10_D47,349
2021-07-10_D48,385
2021-07-10_D49,323
2021-07-10_D5,98
2021-07-10_D50,317
2021-07-10_D51,106
2021-07-10_D52,249
2021-07-10_D53,203
2021-07-10_D54,232
2021-07-10_D55,114
2021-07-10_D56,135
2021-07-10_D57,252
2021-07-10_D58,123
2021-07-10_D59,126
2021-07-10_D6,98
2021-07-10_D60,106
2021-07-10_D61,232
2021-07-10_D62,123
2021-07-10_D63,109
2021-07-10_D64,114
2021-07-10_D65,109
2021-07-10_D66,58
2021-07-10_D67,91
2021-07-10_D68,109
2021-07-10_D69,118
2021-07-10_D7,97
2021-07-10_D70,81
2021-07-10_D71,558
2021-07-10_D72,733
2021-07-10_D73,422
2021-07-10_D74,555
2021-07-10_D75,576
2021-07-10_D76,544
2021-07-10_D77,348
2021-07-10_D78,275
2021-07-10_D79,472
2021-07-10_D8,259
2021-07-10_D80,375
2021-07-10_D9,131
2021-07-11_D1,1541
2021-07-11_D10,1145
2021-07-11_D11,679
2021-07-11_D12,2449
2021-07-11_D13,1122
2021-07-11_D14,949
2021-07-11_D15,588
2021-07-11_D16,1045
2021-07-11_D17,552
2021-07-11_D18,790
2021-07-11_D19,639
2021-07-11_D20,480
2021-07-11_D21,579
2021-07-11_D22,151
2021-07-11_D23,500
2021-07-11_D24,95
2021-07-11_D25,203
2021-07-11_D26,287
2021-07-11_D28,532
2021-07-11_D29,276
2021-07-11_D3,468
2021-07-11_D30,589
2021-07-11_D4,1322
2021-07-11_D5,737
2021-07-11_D51,226
2021-07-11_D52,254
2021-07-11_D53,404
2021-07-11_D54,420
2021-07-11_D55,162
2021-07-11_D56,135
2021-07-11_D57,440
2021-07-11_D58,241
2021-07-11_D59,503
2021-07-11_D6,313
2021-07-11_D60,134
2021-07-11_D61,172
2021-07-11_D62,461
2021-07-11_D63,189
2021-07-11_D64,134
2021-07-11_D65,141
2021-07-11_D66,142
2021-07-11_D67,130
2021-07-11_D68,126
2021-07-11_D69,157
2021-07-11_D7,367
2021-07-11_D70,80
2021-07-11_D71,1438
2021-07-11_D72,1949
2021-07-11_D73,668
2021-07-11_D74,1589
2021-07-11_D75,1480
2021-07-11_D76,1642
2021-07-11_D77,755
2021-07-11_D78,1640
2021-07-11_D79,1441
2021-07-11_D8,762
2021-07-11_D80,1457
2021-07-11_D9,1638
2021-07-12_D1,435
2021-07-12_D10,351
2021-07-12_D11,351
2021-07-12_D12,537
2021-07-12_D13,833
2021-07-12_D14,304
2021-07-12_D15,857
2021-07-12_D16,365
2021-07-12_D17,613
2021-07-12_D18,66
2021-07-12_D19,351
2021-07-12_D2,248
2021-07-12_D20,817
2021-07-12_D21,232
2021-07-12_D22,40
2021-07-12_D23,181
2021-07-12_D24,174
2021-07-12_D25,113
2021-07-12_D26,186
2021-07-12_D27,39
2021-07-12_D28,285
2021-07-12_D29,9
2021-07-12_D3,259
2021-07-12_D30,21
2021-07-12_D31,380
2021-07-12_D32,394
2021-07-12_D33,225
2021-07-12_D34,239
2021-07-12_D35,331
2021-07-12_D36,287
2021-07-12_D37,293
2021-07-12_D38,224
2021-07-12_D39,225
2021-07-12_D4,326
2021-07-12_D40,244
2021-07-12_D41,185
2021-07-12_D42,78
2021-07-12_D43,98
2021-07-12_D44,166
2021-07-12_D45,307
2021-07-12_D46,212
2021-07-12_D47,387
2021-07-12_D48,132
2021-07-12_D49,207
2021-07-12_D5,406
2021-07-12_D50,99
2021-07-12_D51,57
2021-07-12_D52,172
2021-07-12_D53,149
2021-07-12_D54,149
2021-07-12_D55,74
2021-07-12_D56,95
2021-07-12_D57,150
2021-07-12_D58,74
2021-07-12_D59,88
2021-07-12_D6,72
2021-07-12_D60,39
2021-07-12_D61,95
2021-07-12_D62,92
2021-07-12_D63,60
2021-07-12_D64,65
2021-07-12_D65,72
2021-07-12_D66,43
2021-07-12_D67,70
2021-07-12_D68,63
2021-07-12_D69,92
2021-07-12_D7,94
2021-07-12_D70,34
2021-07-12_D71,436
2021-07-12_D72,963
2021-07-12_D73,340
2021-07-12_D74,389
2021-07-12_D75,432
2021-07-12_D76,425
2021-07-12_D77,319
2021-07-12_D78,444
2021-07-12_D79,482
2021-07-12_D8,300
2021-07-12_D80,456
2021-07-12_D9,362
2021-07-13_D1,636
2021-07-13_D10,136
2021-07-13_D11,1437
2021-07-13_D12,1027
2021-07-13_D13,777
2021-07-13_D14,1166
2021-07-13_D15,1527
2021-07-13_D16,638
2021-07-13_D17,1330
2021-07-13_D18,1138
2021-07-13_D19,852
2021-07-13_D2,563
2021-07-13_D20,550
2021-07-13_D21,238
2021-07-13_D22,550
2021-07-13_D23,250
2021-07-13_D24,355
2021-07-13_D25,165
2021-07-13_D26,236
2021-07-13_D27,314
2021-07-13_D28,261
2021-07-13_D29,90
2021-07-13_D3,457
2021-07-13_D30,117
2021-07-13_D31,686
2021-07-13_D32,1097
2021-07-13_D33,867
2021-07-13_D34,1057
2021-07-13_D35,813
2021-07-13_D36,678
2021-07-13_D37,688
2021-07-13_D38,1390
2021-07-13_D39,495
2021-07-13_D4,404
2021-07-13_D40,426
2021-07-13_D41,562
2021-07-13_D42,567
2021-07-13_D43,492
2021-07-13_D44,554
2021-07-13_D45,542
2021-07-13_D46,614
2021-07-13_D47,756
2021-07-13_D48,708
2021-07-13_D49,499
2021-07-13_D5,289
2021-07-13_D50,573
2021-07-13_D51,167
2021-07-13_D52,110
2021-07-13_D53,245
2021-07-13_D54,237
2021-07-13_D55,150
2021-07-13_D56,112
2021-07-13_D57,207
2021-07-13_D58,176
2021-07-13_D59,212
2021-07-13_D6,286
2021-07-13_D60,150
2021-07-13_D61,167
2021-07-13_D62,150
2021-07-13_D63,150
2021-07-13_D64,159
2021-07-13_D65,73
2021-07-13_D66,91
2021-07-13_D67,155
2021-07-13_D68,62
2021-07-13_D69,164
2021-07-13_D7,240
2021-07-13_D70,83
2021-07-13_D71,1003
2021-07-13_D72,1068
2021-07-13_D73,682
2021-07-13_D74,786
2021-07-13_D75,862
2021-07-13_D76,1060
2021-07-13_D77,614
2021-07-13_D78,338
2021-07-13_D79,587
2021-07-13_D8,458
2021-07-13_D80,615
2021-07-13_D9,301
2021-07-14_D1,610
2021-07-14_D10,121
2021-07-14_D11,1786
2021-07-14_D12,1631
2021-07-14_D13,1920
2021-07-14_D14,1367
2021-07-14_D15,681
2021-07-14_D16,1595
2021-07-14_D17,1226
2021-07-14_D18,700
2021-07-14_D19,874
2021-07-14_D2,618
2021-07-14_D20,-50
2021-07-14_D21,971
2021-07-14_D24,327
2021-07-14_D25,-49
2021-07-14_D26,-65
2021-07-14_D28,576
2021-07-14_D29,146
2021-07-14_D3,370
2021-07-14_D30,367
2021-07-14_D31,1017
2021-07-14_D32,568
2021-07-14_D33,520
2021-07-14_D34,1215
2021-07-14_D35,514
2021-07-14_D36,415
2021-07-14_D37,670
2021-07-14_D38,853
2021-07-14_D39,244
2021-07-14_D4,353
2021-07-14_D40,529
2021-07-14_D41,808
2021-07-14_D42,523
2021-07-14_D43,406
2021-07-14_D44,421
2021-07-14_D45,680
2021-07-14_D46,855
2021-07-14_D47,840
2021-07-14_D48,861
2021-07-14_D49,398
2021-07-14_D5,272
2021-07-14_D50,457
2021-07-14_D51,286
2021-07-14_D52,148
2021-07-14_D53,289
2021-07-14_D54,156
2021-07-14_D55,204
2021-07-14_D56,140
2021-07-14_D57,295
2021-07-14_D58,170
2021-07-14_D59,188
2021-07-14_D6,233
2021-07-14_D60,188
2021-07-14_D61,233
2021-07-14_D62,188
2021-07-14_D63,127
2021-07-14_D64,188
2021-07-14_D65,119
2021-07-14_D66,119
2021-07-14_D67,182
2021-07-14_D68,182
2021-07-14_D69,188
2021-07-14_D7,236
2021-07-14_D70,182
2021-07-14_D71,786
2021-07-14_D72,1064
2021-07-14_D73,412
2021-07-14_D74,534
2021-07-14_D75,953
2021-07-14_D76,579
2021-07-14_D77,549
2021-07-14_D78,388
2021-07-14_D79,511
2021-07-14_D8,400
2021-07-14_D80,731
2021-07-14_D9,235
2021-07-15_D1,525
2021-07-15_D10,230
2021-07-15_D11,1311
2021-07-15_D12,1445
2021-07-15_D13,1016
2021-07-15_D14,1035
2021-07-15_D15,1
2021-07-15_D16,1098
2021-07-15_D17,245
2021-07-15_D18,1699
2021-07-15_D19,398
2021-07-15_D2,821
2021-07-15_D20,172
2021-07-15_D21,441
2021-07-15_D22,668
2021-07-15_D23,320
2021-07-15_D24,236
2021-07-15_D25,37
2021-07-15_D26,34
2021-07-15_D27,7
2021-07-15_D28,46
2021-07-15_D3,366
2021-07-15_D30,-21
2021-07-15_D31,548
2021-07-15_D32,629
2021-07-15_D33,695
2021-07-15_D34,1033
2021-07-15_D35,499
2021-07-15_D36,272
2021-07-15_D37,383
2021-07-15_D38,518
2021-07-15_D39,375
2021-07-15_D4,377
2021-07-15_D40,411
2021-07-15_D41,414
2021-07-15_D42,240
2021-07-15_D43,289
2021-07-15_D44,295
2021-07-15_D45,263
2021-07-15_D46,418
2021-07-15_D47,550
2021-07-15_D48,501
2021-07-15_D49,285
2021-07-15_D5,189
2021-07-15_D50,401
2021-07-15_D51,165
2021-07-15_D52,249
2021-07-15_D53,229
2021-07-15_D54,226
2021-07-15_D55,186
2021-07-15_D56,123
2021-07-15_D57,266
2021-07-15_D58,107
2021-07-15_D59,123
2021-07-15_D6,128
2021-07-15_D60,119
2021-07-15_D61,107
2021-07-15_D62,124
2021-07-15_D63,107
2021-07-15_D64,124
2021-07-15_D65,119
2021-07-15_D66,110
2021-07-15_D67,119
2021-07-15_D68,124
2021-07-15_D69,115
2021-07-15_D7,176
2021-07-15_D70,119
2021-07-15_D71,646
2021-07-15_D72,693
2021-07-15_D73,442
2021-07-15_D74,484
2021-07-15_D75,495
2021-07-15_D76,612
2021-07-15_D77,1053
2021-07-15_D78,433
2021-07-15_D79,433
2021-07-15_D8,559
2021-07-15_D80,430
2021-07-15_D9,235
2021-07-16_D1,638
2021-07-16_D10,233
2021-07-16_D11,1437
2021-07-16_D12,908
2021-07-16_D13,1089
2021-07-16_D14,588
2021-07-16_D15,663
2021-07-16_D16,359
2021-07-16_D17,460
2021-07-16_D18,1611
2021-07-16_D19,267
2021-07-16_D2,795
2021-07-16_D20,951
2021-07-16_D21,815
2021-07-16_D22,780
2021-07-16_D23,456
2021-07-16_D24,446
2021-07-16_D25,361
2021-07-16_D26,149
2021-07-16_D27,106
2021-07-16_D28,-24
2021-07-16_D29,175
2021-07-16_D3,302
2021-07-16_D30,222
2021-07-16_D31,385
2021-07-16_D32,346
2021-07-16_D33,393
2021-07-16_D34,573
2021-07-16_D35,387
2021-07-16_D36,367
2021-07-16_D37,389
2021-07-16_D38,428
2021-07-16_D39,236
2021-07-16_D4,437
2021-07-16_D40,300
2021-07-16_D41,389
2021-07-16_D42,305
2021-07-16_D43,292
2021-07-16_D44,334
2021-07-16_D45,260
2021-07-16_D46,377
2021-07-16_D47,485
2021-07-16_D48,361
2021-07-16_D49,219
2021-07-16_D5,177
2021-07-16_D50,329
2021-07-16_D51,122
2021-07-16_D52,154
2021-07-16_D53,222
2021-07-16_D54,216
2021-07-16_D55,105
2021-07-16_D56,122
2021-07-16_D57,154
2021-07-16_D58,65
2021-07-16_D59,184
2021-07-16_D6,83
2021-07-16_D60,98
2021-07-16_D61,139
2021-07-16_D62,139
2021-07-16_D63,74
2021-07-16_D64,80
2021-07-16_D65,84
2021-07-16_D66,92
2021-07-16_D67,85
2021-07-16_D68,92
2021-07-16_D69,139
2021-07-16_D7,191
2021-07-16_D70,92
2021-07-16_D71,414
2021-07-16_D72,637
2021-07-16_D73,289
2021-07-16_D74,365
2021-07-16_D75,332
2021-07-16_D76,342
2021-07-16_D77,381
2021-07-16_D78,219
2021-07-16_D79,264
2021-07-16_D8,255
2021-07-16_D80,383
2021-07-16_D9,300
2021-07-17_D1,469
2021-07-17_D10,297
2021-07-17_D11,1092
2021-07-17_D12,1652
2021-07-17_D13,874
2021-07-17_D14,1028
2021-07-17_D15,1100
2021-07-17_D16,972
2021-07-17_D17,570
2021-07-17_D18,599
2021-07-17_D19,668
2021-07-17_D2,654
2021-07-17_D20,473
2021-07-17_D21,1278
2021-07-17_D22,1075
2021-07-17_D23,497
2021-07-17_D24,241
2021-07-17_D25,477
2021-07-17_D26,101
2021-07-17_D27,130
2021-07-17_D28,413
2021-07-17_D29,162
2021-07-17_D3,128
2021-07-17_D30,267
2021-07-17_D31,482
2021-07-17_D32,431
2021-07-17_D33,421
2021-07-17_D34,453
2021-07-17_D35,535
2021-07-17_D36,329
2021-07-17_D37,344
2021-07-17_D38,216
2021-07-17_D39,268
2021-07-17_D4,414
2021-07-17_D40,437
2021-07-17_D41,467
2021-07-17_D42,199
2021-07-17_D43,244
2021-07-17_D44,365
2021-07-17_D45,425
2021-07-17_D46,185
2021-07-17_D47,548
2021-07-17_D48,392
2021-07-17_D49,249
2021-07-17_D5,236
2021-07-17_D50,281
2021-07-17_D51,186
2021-07-17_D52,170
2021-07-17_D53,206
2021-07-17_D54,248
2021-07-17_D55,97
2021-07-17_D56,123
2021-07-17_D57,204
2021-07-17_D58,97
2021-07-17_D59,109
2021-07-17_D6,212
2021-07-17_D60,97
2021-07-17_D61,123
2021-07-17_D62,109
2021-07-17_D63,92
2021-07-17_D64,97
2021-07-17_D65,92
2021-07-17_D66,109
2021-07-17_D67,91
2021-07-17_D68,109
2021-07-17_D69,114
2021-07-17_D7,119
2021-07-17_D70,82
2021-07-17_D71,661
2021-07-17_D72,643
2021-07-17_D73,387
2021-07-17_D74,519
2021-07-17_D75,578
2021-07-17_D76,583
2021-07-17_D77,541
2021-07-17_D78,691
2021-07-17_D79,430
2021-07-17_D8,653
2021-07-17_D80,608
2021-07-17_D9,196
2021-07-18_D1,1477
2021-07-18_D10,844
2021-07-18_D11,493
2021-07-18_D12,1195
2021-07-18_D13,1030
2021-07-18_D14,1026
2021-07-18_D15,748
2021-07-18_D16,1009
2021-07-18_D17,847
2021-07-18_D18,740
2021-07-18_D19,780
2021-07-18_D20,291
2021-07-18_D21,500
2021-07-18_D22,438
2021-07-18_D23,329
2021-07-18_D24,91
2021-07-18_D25,125
2021-07-18_D26,106
2021-07-18_D28,912
2021-07-18_D29,323
2021-07-18_D3,628
2021-07-18_D30,775
2021-07-18_D4,1559
2021-07-18_D5,384
2021-07-18_D51,341
2021-07-18_D52,166
2021-07-18_D53,770
2021-07-18_D54,386
2021-07-18_D55,298
2021-07-18_D56,273
2021-07-18_D57,234
2021-07-18_D58,345
2021-07-18_D59,727
2021-07-18_D6,513
2021-07-18_D60,248
2021-07-18_D61,117
2021-07-18_D62,336
2021-07-18_D63,351
2021-07-18_D64,248
2021-07-18_D65,134
2021-07-18_D66,142
2021-07-18_D67,225
2021-07-18_D68,291
2021-07-18_D69,494
2021-07-18_D7,407
2021-07-18_D70,170
2021-07-18_D71,1447
2021-07-18_D72,1894
2021-07-18_D73,634
2021-07-18_D74,1491
2021-07-18_D75,2022
2021-07-18_D76,1485
2021-07-18_D77,1010
2021-07-18_D78,2018
2021-07-18_D79,1578
2021-07-18_D8,767
2021-07-18_D80,1134
2021-07-18_D9,919
2021-07-19_D1,311
2021-07-19_D10,326
2021-07-19_D11,499
2021-07-19_D12,436
2021-07-19_D13,758
2021-07-19_D14,534
2021-07-19_D15,663
2021-07-19_D16,143
2021-07-19_D17,548
2021-07-19_D18,6
2021-07-19_D19,317
2021-07-19_D2,415
2021-07-19_D20,468
2021-07-19_D21,-61
2021-07-19_D22,637
2021-07-19_D23,226
2021-07-19_D24,180
2021-07-19_D25,9
2021-07-19_D26,100
2021-07-19_D27,39
2021-07-19_D28,353
2021-07-19_D29,49
2021-07-19_D3,234
2021-07-19_D30,21
2021-07-19_D31,310
2021-07-19_D32,272
2021-07-19_D33,371
2021-07-19_D34,224
2021-07-19_D35,112
2021-07-19_D36,230
2021-07-19_D37,223
2021-07-19_D38,178
2021-07-19_D39,183
2021-07-19_D4,354
2021-07-19_D40,251
2021-07-19_D41,98
2021-07-19_D42,249
2021-07-19_D43,211
2021-07-19_D44,275
2021-07-19_D45,182
2021-07-19_D46,130
2021-07-19_D47,300
2021-07-19_D48,217
2021-07-19_D49,183
2021-07-19_D5,-59
2021-07-19_D50,245
2021-07-19_D51,188
2021-07-19_D52,167
2021-07-19_D53,346
2021-07-19_D54,161
2021-07-19_D55,172
2021-07-19_D56,172
2021-07-19_D57,149
2021-07-19_D58,24
2021-07-19_D59,332
2021-07-19_D6,84
2021-07-19_D60,8
2021-07-19_D61,89
2021-07-19_D62,114
2021-07-19_D63,168
2021-07-19_D64,5
2021-07-19_D65,110
2021-07-19_D66,131
2021-07-19_D67,134
2021-07-19_D68,165
2021-07-19_D69,305
2021-07-19_D7,-36
2021-07-19_D70,72
2021-07-19_D71,480
2021-07-19_D72,382
2021-07-19_D73,316
2021-07-19_D74,374
2021-07-19_D75,396
2021-07-19_D76,495
2021-07-19_D77,326
2021-07-19_D78,346
2021-07-19_D79,482
2021-07-19_D8,317
2021-07-19_D80,311
2021-07-19_D9,352
2021-07-20_D1,725
2021-07-20_D10,321
2021-07-20_D11,1373
2021-07-20_D12,1162
2021-07-20_D13,827
2021-07-20_D14,1354
2021-07-20_D15,1977
2021-07-20_D16,291
2021-07-20_D17,1126
2021-07-20_D18,1070
2021-07-20_D19,550
2021-07-20_D2,563
2021-07-20_D20,542
2021-07-20_D21,497
2021-07-20_D22,250
2021-07-20_D23,337
2021-07-20_D24,532
2021-07-20_D25,264
2021-07-20_D26,53
2021-07-20_D27,183
2021-07-20_D28,592
2021-07-20_D29,89
2021-07-20_D3,445
2021-07-20_D30,152
2021-07-20_D31,512
2021-07-20_D32,664
2021-07-20_D33,1046
2021-07-20_D34,706
2021-07-20_D35,761
2021-07-20_D36,858
2021-07-20_D37,580
2021-07-20_D38,1109
2021-07-20_D39,497
2021-07-20_D4,482
2021-07-20_D40,473
2021-07-20_D41,677
2021-07-20_D42,530
2021-07-20_D43,525
2021-07-20_D44,420
2021-07-20_D45,511
2021-07-20_D46,466
2021-07-20_D47,577
2021-07-20_D48,756
2021-07-20_D49,545
2021-07-20_D5,207
2021-07-20_D50,525
2021-07-20_D51,243
2021-07-20_D52,213
2021-07-20_D53,684
2021-07-20_D54,242
2021-07-20_D55,354
2021-07-20_D56,476
2021-07-20_D57,207
2021-07-20_D58,374
2021-07-20_D59,527
2021-07-20_D6,241
2021-07-20_D60,173
2021-07-20_D61,113
2021-07-20_D62,169
2021-07-20_D63,231
2021-07-20_D64,184
2021-07-20_D65,103
2021-07-20_D66,217
2021-07-20_D67,219
2021-07-20_D68,172
2021-07-20_D69,370
2021-07-20_D7,211
2021-07-20_D70,86
2021-07-20_D71,895
2021-07-20_D72,881
2021-07-20_D73,570
2021-07-20_D74,631
2021-07-20_D75,887
2021-07-20_D76,792
2021-07-20_D77,648
2021-07-20_D78,331
2021-07-20_D79,494
2021-07-20_D8,594
2021-07-20_D80,455
2021-07-20_D9,389
2021-07-21_D1,506
2021-07-21_D10,176
2021-07-21_D11,1498
2021-07-21_D12,1956
2021-07-21_D13,1248
2021-07-21_D14,1178
2021-07-21_D15,1269
2021-07-21_D16,454
2021-07-21_D17,581
2021-07-21_D18,742
2021-07-21_D19,329
2021-07-21_D2,559
2021-07-21_D20,512
2021-07-21_D21,859
2021-07-21_D22,841
2021-07-21_D23,1013
2021-07-21_D24,150
2021-07-21_D25,399
2021-07-21_D26,116
2021-07-21_D27,148
2021-07-21_D28,682
2021-07-21_D29,293
2021-07-21_D3,365
2021-07-21_D30,-3
2021-07-21_D31,1044
2021-07-21_D32,323
2021-07-21_D33,504
2021-07-21_D34,858
2021-07-21_D35,424
2021-07-21_D36,261
2021-07-21_D37,689
2021-07-21_D38,512
2021-07-21_D39,307
2021-07-21_D4,274
2021-07-21_D40,447
2021-07-21_D41,347
2021-07-21_D42,411
2021-07-21_D43,250
2021-07-21_D44,523
2021-07-21_D45,459
2021-07-21_D46,341
2021-07-21_D47,595
2021-07-21_D48,801
2021-07-21_D49,307
2021-07-21_D5,125
2021-07-21_D50,432
2021-07-21_D51,271
2021-07-21_D52,204
2021-07-21_D53,608
2021-07-21_D54,310
2021-07-21_D55,438
2021-07-21_D56,300
2021-07-21_D57,82
2021-07-21_D58,404
2021-07-21_D59,412
2021-07-21_D6,253
2021-07-21_D60,188
2021-07-21_D61,546
2021-07-21_D62,98
2021-07-21_D63,183
2021-07-21_D64,165
2021-07-21_D65,101
2021-07-21_D66,163
2021-07-21_D67,182
2021-07-21_D68,205
2021-07-21_D69,553
2021-07-21_D7,238
2021-07-21_D70,8
2021-07-21_D71,901
2021-07-21_D72,1064
2021-07-21_D73,315
2021-07-21_D74,566
2021-07-21_D75,765
2021-07-21_D76,602
2021-07-21_D77,654
2021-07-21_D78,496
2021-07-21_D79,595
2021-07-21_D8,198
2021-07-21_D80,564
2021-07-21_D9,111
2021-07-22_D1,591
2021-07-22_D10,252
2021-07-22_D11,1226
2021-07-22_D12,2109
2021-07-22_D13,1118
2021-07-22_D14,1073
2021-07-22_D15,1058
2021-07-22_D16,793
2021-07-22_D17,505
2021-07-22_D18,396
2021-07-22_D19,559
2021-07-22_D2,900
2021-07-22_D20,413
2021-07-22_D21,401
2021-07-22_D22,247
2021-07-22_D23,274
2021-07-22_D24,206
2021-07-22_D25,253
2021-07-22_D26,67
2021-07-22_D27,-93
2021-07-22_D28,267
2021-07-22_D29,395
2021-07-22_D3,847
2021-07-22_D30,8
2021-07-22_D31,550
2021-07-22_D32,475
2021-07-22_D33,263
2021-07-22_D34,545
2021-07-22_D35,358
2021-07-22_D36,306
2021-07-22_D37,217
2021-07-22_D38,351
2021-07-22_D39,268
2021-07-22_D4,478
2021-07-22_D40,252
2021-07-22_D41,212
2021-07-22_D42,212
2021-07-22_D43,348
2021-07-22_D44,212
2021-07-22_D45,416
2021-07-22_D46,268
2021-07-22_D47,510
2021-07-22_D48,378
2021-07-22_D49,223
2021-07-22_D5,654
2021-07-22_D50,363
2021-07-22_D51,113
2021-07-22_D52,165
2021-07-22_D53,186
2021-07-22_D54,255
2021-07-22_D55,169
2021-07-22_D56,109
2021-07-22_D57,107
2021-07-22_D58,-12
2021-07-22_D59,12
2021-07-22_D6,656
2021-07-22_D60,102
2021-07-22_D61,306
2021-07-22_D62,-76
2021-07-22_D63,146
2021-07-22_D64,160
2021-07-22_D65,100
2021-07-22_D66,95
2021-07-22_D67,101
2021-07-22_D68,165
2021-07-22_D69,101
2021-07-22_D7,556
2021-07-22_D70,95
2021-07-22_D71,1704
2021-07-22_D72,598
2021-07-22_D73,490
2021-07-22_D74,807
2021-07-22_D75,441
2021-07-22_D76,632
2021-07-22_D77,673
2021-07-22_D78,491
2021-07-22_D79,492
2021-07-22_D8,735
2021-07-22_D80,335
2021-07-22_D9,361
2021-07-23_D1,552
2021-07-23_D10,194
2021-07-23_D11,756
2021-07-23_D12,1586
2021-07-23_D13,774
2021-07-23_D14,832
2021-07-23_D15,974
2021-07-23_D16,710
2021-07-23_D17,976
2021-07-23_D18,340
2021-07-23_D19,393
2021-07-23_D2,638
2021-07-23_D20,626
2021-07-23_D21,269
2021-07-23_D22,269
2021-07-23_D23,391
2021-07-23_D24,211
2021-07-23_D25,166
2021-07-23_D26,12
2021-07-23_D27,-11
2021-07-23_D28,245
2021-07-23_D29,110
2021-07-23_D3,204
2021-07-23_D30,12
2021-07-23_D31,569
2021-07-23_D32,238
2021-07-23_D33,363
2021-07-23_D34,223
2021-07-23_D35,280
2021-07-23_D36,296
2021-07-23_D37,193
2021-07-23_D38,191
2021-07-23_D39,150
2021-07-23_D4,434
2021-07-23_D40,250
2021-07-23_D41,314
2021-07-23_D42,314
2021-07-23_D43,275
2021-07-23_D44,261
2021-07-23_D45,373
2021-07-23_D46,157
2021-07-23_D47,295
2021-07-23_D48,314
2021-07-23_D49,147
2021-07-23_D5,130
2021-07-23_D50,275
2021-07-23_D51,132
2021-07-23_D52,184
2021-07-23_D53,149
2021-07-23_D54,238
2021-07-23_D55,105
2021-07-23_D56,96
2021-07-23_D57,74
2021-07-23_D58,83
2021-07-23_D59,35
2021-07-23_D6,174
2021-07-23_D60,51
2021-07-23_D61,121
2021-07-23_D62,139
2021-07-23_D63,74
2021-07-23_D64,74
2021-07-23_D65,75
2021-07-23_D66,46
2021-07-23_D67,78
2021-07-23_D68,75
2021-07-23_D69,115
2021-07-23_D7,191
2021-07-23_D70,75
2021-07-23_D71,502
2021-07-23_D72,668
2021-07-23_D73,310
2021-07-23_D74,535
2021-07-23_D75,372
2021-07-23_D76,396
2021-07-23_D77,513
2021-07-23_D78,347
2021-07-23_D79,347
2021-07-23_D8,173
2021-07-23_D80,325
2021-07-23_D9,213
2021-07-24_D1,447
2021-07-24_D10,201
2021-07-24_D11,876
2021-07-24_D12,1106
2021-07-24_D13,523
2021-07-24_D14,834
2021-07-24_D15,1037
2021-07-24_D16,856
2021-07-24_D17,660
2021-07-24_D18,335
2021-07-24_D19,368
2021-07-24_D2,603
2021-07-24_D20,508
2021-07-24_D21,398
2021-07-24_D22,418
2021-07-24_D23,203
2021-07-24_D24,161
2021-07-24_D25,198
2021-07-24_D26,0
2021-07-24_D27,36
2021-07-24_D28,334
2021-07-24_D29,0
2021-07-24_D3,107
2021-07-24_D30,46
2021-07-24_D31,586
2021-07-24_D32,388
2021-07-24_D33,214
2021-07-24_D34,403
2021-07-24_D35,220
2021-07-24_D36,289
2021-07-24_D37,365
2021-07-24_D38,329
2021-07-24_D39,255
2021-07-24_D4,236
2021-07-24_D40,232
2021-07-24_D41,351
2021-07-24_D42,313
2021-07-24_D43,233
2021-07-24_D44,165
2021-07-24_D45,344
2021-07-24_D46,279
2021-07-24_D47,406
2021-07-24_D48,335
2021-07-24_D49,177
2021-07-24_D5,124
2021-07-24_D50,332
2021-07-24_D51,95
2021-07-24_D52,168
2021-07-24_D53,125
2021-07-24_D54,189
2021-07-24_D55,97
2021-07-24_D56,170
2021-07-24_D57,104
2021-07-24_D58,106
2021-07-24_D59,109
2021-07-24_D6,109
2021-07-24_D60,91
2021-07-24_D61,86
2021-07-24_D62,112
2021-07-24_D63,95
2021-07-24_D64,92
2021-07-24_D65,92
2021-07-24_D66,31
2021-07-24_D67,91
2021-07-24_D68,92
2021-07-24_D69,92
2021-07-24_D7,112
2021-07-24_D70,64
2021-07-24_D71,722
2021-07-24_D72,544
2021-07-24_D73,476
2021-07-24_D74,550
2021-07-24_D75,1425
2021-07-24_D76,572
2021-07-24_D77,560
2021-07-24_D78,461
2021-07-24_D79,531
2021-07-24_D8,701
2021-07-24_D80,520
2021-07-24_D9,267
2021-07-25_D1,1323
2021-07-25_D10,543
2021-07-25_D11,381
2021-07-25_D12,1398
2021-07-25_D13,1137
2021-07-25_D14,895
2021-07-25_D15,416
2021-07-25_D16,883
2021-07-25_D17,474
2021-07-25_D18,532
2021-07-25_D19,316
2021-07-25_D20,687
2021-07-25_D21,590
2021-07-25_D22,78
2021-07-25_D23,515
2021-07-25_D24,78
2021-07-25_D25,419
2021-07-25_D26,78
2021-07-25_D28,114
2021-07-25_D29,154
2021-07-25_D3,593
2021-07-25_D30,382
2021-07-25_D4,1558
2021-07-25_D5,384
2021-07-25_D51,177
2021-07-25_D52,344
2021-07-25_D53,411
2021-07-25_D54,474
2021-07-25_D55,122
2021-07-25_D56,113
2021-07-25_D57,378
2021-07-25_D58,122
2021-07-25_D59,380
2021-07-25_D6,349
2021-07-25_D60,225
2021-07-25_D61,207
2021-07-25_D62,385
2021-07-25_D63,243
2021-07-25_D64,139
2021-07-25_D65,139
2021-07-25_D66,36
2021-07-25_D67,108
2021-07-25_D68,67
2021-07-25_D69,184
2021-07-25_D7,809
2021-07-25_D70,87
2021-07-25_D71,1088
2021-07-25_D72,1796
2021-07-25_D73,597
2021-07-25_D74,1248
2021-07-25_D75,1375
2021-07-25_D76,1187
2021-07-25_D77,628
2021-07-25_D78,1085
2021-07-25_D79,1225
2021-07-25_D8,830
2021-07-25_D80,1088
2021-07-25_D9,1617
2021-07-26_D1,319
2021-07-26_D10,336
2021-07-26_D11,397
2021-07-26_D12,1105
2021-07-26_D13,768
2021-07-26_D14,333
2021-07-26_D15,376
2021-07-26_D16,318
2021-07-26_D17,602
2021-07-26_D18,293
2021-07-26_D19,115
2021-07-26_D2,357
2021-07-26_D20,379
2021-07-26_D21,376
2021-07-26_D22,179
2021-07-26_D23,106
2021-07-26_D24,137
2021-07-26_D25,191
2021-07-26_D26,166
2021-07-26_D27,24
2021-07-26_D28,213
2021-07-26_D29,9
2021-07-26_D3,305
2021-07-26_D30,186
2021-07-26_D31,245
2021-07-26_D32,272
2021-07-26_D33,295
2021-07-26_D34,133
2021-07-26_D35,152
2021-07-26_D36,182
2021-07-26_D37,354
2021-07-26_D38,230
2021-07-26_D39,183
2021-07-26_D4,416
2021-07-26_D40,236
2021-07-26_D41,185
2021-07-26_D42,176
2021-07-26_D43,186
2021-07-26_D44,224
2021-07-26_D45,219
2021-07-26_D46,204
2021-07-26_D47,166
2021-07-26_D48,315
2021-07-26_D49,183
2021-07-26_D5,234
2021-07-26_D50,220
2021-07-26_D51,45
2021-07-26_D52,172
2021-07-26_D53,99
2021-07-26_D54,108
2021-07-26_D55,62
2021-07-26_D56,69
2021-07-26_D57,168
2021-07-26_D58,48
2021-07-26_D59,54
2021-07-26_D6,162
2021-07-26_D60,26
2021-07-26_D61,86
2021-07-26_D62,45
2021-07-26_D63,62
2021-07-26_D64,43
2021-07-26_D65,43
2021-07-26_D66,46
2021-07-26_D67,43
2021-07-26_D68,63
2021-07-26_D69,63
2021-07-26_D7,194
2021-07-26_D70,76
2021-07-26_D71,391
2021-07-26_D72,367
2021-07-26_D73,329
2021-07-26_D74,374
2021-07-26_D75,344
2021-07-26_D76,329
2021-07-26_D77,305
2021-07-26_D78,338
2021-07-26_D79,374
2021-07-26_D8,359
2021-07-26_D80,308
2021-07-26_D9,336
2021-07-27_D1,867
2021-07-27_D10,179
2021-07-27_D11,1117
2021-07-27_D12,1052
2021-07-27_D13,704
2021-07-27_D14,676
2021-07-27_D15,1859
2021-07-27_D16,183
2021-07-27_D17,1888
2021-07-27_D18,1220
2021-07-27_D19,713
2021-07-27_D2,586
2021-07-27_D20,713
2021-07-27_D21,854
2021-07-27_D22,661
2021-07-27_D23,416
2021-07-27_D24,527
2021-07-27_D25,295
2021-07-27_D26,251
2021-07-27_D27,295
2021-07-27_D28,1043
2021-07-27_D29,201
2021-07-27_D3,525
2021-07-27_D30,237
2021-07-27_D31,543
2021-07-27_D32,663
2021-07-27_D33,636
2021-07-27_D34,546
2021-07-27_D35,515
2021-07-27_D36,541
2021-07-27_D37,577
2021-07-27_D38,608
2021-07-27_D39,535
2021-07-27_D4,683
2021-07-27_D40,477
2021-07-27_D41,359
2021-07-27_D42,430
2021-07-27_D43,580
2021-07-27_D44,521
2021-07-27_D45,547
2021-07-27_D46,300
2021-07-27_D47,650
2021-07-27_D48,699
2021-07-27_D49,523
2021-07-27_D5,309
2021-07-27_D50,491
2021-07-27_D51,279
2021-07-27_D52,117
2021-07-27_D53,189
2021-07-27_D54,296
2021-07-27_D55,223
2021-07-27_D56,176
2021-07-27_D57,167
2021-07-27_D58,157
2021-07-27_D59,34
2021-07-27_D6,279
2021-07-27_D60,247
2021-07-27_D61,140
2021-07-27_D62,150
2021-07-27_D63,162
2021-07-27_D64,121
2021-07-27_D65,83
2021-07-27_D66,137
2021-07-27_D67,53
2021-07-27_D68,2
2021-07-27_D69,151
2021-07-27_D7,309
2021-07-27_D70,112
2021-07-27_D71,941
2021-07-27_D72,827
2021-07-27_D73,527
2021-07-27_D74,466
2021-07-27_D75,445
2021-07-27_D76,685
2021-07-27_D77,509
2021-07-27_D78,367
2021-07-27_D79,399
2021-07-27_D8,586
2021-07-27_D80,454
2021-07-27_D9,457
2021-07-28_D1,562
2021-07-28_D10,251
2021-07-28_D11,1548
2021-07-28_D12,1725
2021-07-28_D13,1268
2021-07-28_D14,1540
2021-07-28_D15,1739
2021-07-28_D16,1056
2021-07-28_D17,720
2021-07-28_D18,671
2021-07-28_D19,679
2021-07-28_D2,719
2021-07-28_D20,446
2021-07-28_D21,1023
2021-07-28_D22,1037
2021-07-28_D23,1016
2021-07-28_D24,372
2021-07-28_D25,541
2021-07-28_D26,111
2021-07-28_D27,125
2021-07-28_D28,458
2021-07-28_D29,266
2021-07-28_D3,388
2021-07-28_D30,17
2021-07-28_D31,625
2021-07-28_D32,402
2021-07-28_D33,368
2021-07-28_D34,576
2021-07-28_D35,521
2021-07-28_D36,354
2021-07-28_D37,272
2021-07-28_D38,461
2021-07-28_D39,324
2021-07-28_D4,400
2021-07-28_D40,344
2021-07-28_D41,272
2021-07-28_D42,470
2021-07-28_D43,212
2021-07-28_D44,378
2021-07-28_D45,689
2021-07-28_D46,710
2021-07-28_D47,552
2021-07-28_D48,307
2021-07-28_D49,268
2021-07-28_D5,254
2021-07-28_D50,363
2021-07-28_D51,181
2021-07-28_D52,262
2021-07-28_D53,234
2021-07-28_D54,310
2021-07-28_D55,117
2021-07-28_D56,186
2021-07-28_D57,233
2021-07-28_D58,102
2021-07-28_D59,107
2021-07-28_D6,306
2021-07-28_D60,140
2021-07-28_D61,124
2021-07-28_D62,170
2021-07-28_D63,124
2021-07-28_D64,64
2021-07-28_D65,83
2021-07-28_D66,60
2021-07-28_D67,72
2021-07-28_D68,25
2021-07-28_D69,124
2021-07-28_D7,255
2021-07-28_D70,46
2021-07-28_D71,1004
2021-07-28_D72,689
2021-07-28_D73,513
2021-07-28_D74,971
2021-07-28_D75,653
2021-07-28_D76,898
2021-07-28_D77,1029
2021-07-28_D78,559
2021-07-28_D79,748
2021-07-28_D8,198
2021-07-28_D80,544
2021-07-28_D9,291
2021-07-29_D1,881
2021-07-29_D10,265
2021-07-29_D11,1027
2021-07-29_D12,1731
2021-07-29_D13,1042
2021-07-29_D14,829
2021-07-29_D15,1620
2021-07-29_D16,694
2021-07-29_D17,1069
2021-07-29_D18,1030
2021-07-29_D19,446
2021-07-29_D2,889
2021-07-29_D20,509
2021-07-29_D21,496
2021-07-29_D22,517
2021-07-29_D23,406
2021-07-29_D24,266
2021-07-29_D25,500
2021-07-29_D26,168
2021-07-29_D27,125
2021-07-29_D28,359
2021-07-29_D29,173
2021-07-29_D3,456
2021-07-29_D30,142
2021-07-29_D31,383
2021-07-29_D32,363
2021-07-29_D33,341
2021-07-29_D34,339
2021-07-29_D35,203
2021-07-29_D36,250
2021-07-29_D37,368
2021-07-29_D38,368
2021-07-29_D39,285
2021-07-29_D4,656
2021-07-29_D40,310
2021-07-29_D41,244
2021-07-29_D42,212
2021-07-29_D43,341
2021-07-29_D44,363
2021-07-29_D45,270
2021-07-29_D46,352
2021-07-29_D47,461
2021-07-29_D48,247
2021-07-29_D49,192
2021-07-29_D5,254
2021-07-29_D50,247
2021-07-29_D51,288
2021-07-29_D52,221
2021-07-29_D53,281
2021-07-29_D54,305
2021-07-29_D55,265
2021-07-29_D56,37
2021-07-29_D57,205
2021-07-29_D58,164
2021-07-29_D59,170
2021-07-29_D6,208
2021-07-29_D60,222
2021-07-29_D61,188
2021-07-29_D62,188
2021-07-29_D63,233
2021-07-29_D64,236
2021-07-29_D65,119
2021-07-29_D66,-6
2021-07-29_D67,182
2021-07-29_D68,200
2021-07-29_D69,72
2021-07-29_D7,206
2021-07-29_D70,182
2021-07-29_D71,934
2021-07-29_D72,586
2021-07-29_D73,535
2021-07-29_D74,720
2021-07-29_D75,651
2021-07-29_D76,699
2021-07-29_D77,534
2021-07-29_D78,455
2021-07-29_D79,442
2021-07-29_D8,309
2021-07-29_D80,422
2021-07-29_D9,361
2021-07-30_D1,598
2021-07-30_D10,208
2021-07-30_D11,1073
2021-07-30_D12,1287
2021-07-30_D13,862
2021-07-30_D14,682
2021-07-30_D15,1266
2021-07-30_D16,645
2021-07-30_D17,632
2021-07-30_D18,404
2021-07-30_D19,280
2021-07-30_D2,770
2021-07-30_D20,447
2021-07-30_D21,456
2021-07-30_D22,188
2021-07-30_D23,441
2021-07-30_D24,238
2021-07-30_D25,360
2021-07-30_D26,15
2021-07-30_D27,59
2021-07-30_D28,51
2021-07-30_D29,155
2021-07-30_D3,221
2021-07-30_D30,33
2021-07-30_D31,317
2021-07-30_D32,354
2021-07-30_D33,370
2021-07-30_D34,488
2021-07-30_D35,319
2021-07-30_D36,305
2021-07-30_D37,305
2021-07-30_D38,197
2021-07-30_D39,164
2021-07-30_D4,494
2021-07-30_D40,204
2021-07-30_D41,314
2021-07-30_D42,292
2021-07-30_D43,218
2021-07-30_D44,230
2021-07-30_D45,384
2021-07-30_D46,179
2021-07-30_D47,340
2021-07-30_D48,213
2021-07-30_D49,174
2021-07-30_D5,190
2021-07-30_D50,275
2021-07-30_D51,160
2021-07-30_D52,234
2021-07-30_D53,239
2021-07-30_D54,205
2021-07-30_D55,89
2021-07-30_D56,83
2021-07-30_D57,184
2021-07-30_D58,104
2021-07-30_D59,173
2021-07-30_D6,213
2021-07-30_D60,78
2021-07-30_D61,201
2021-07-30_D62,156
2021-07-30_D63,89
2021-07-30_D64,75
2021-07-30_D65,84
2021-07-30_D66,101
2021-07-30_D67,150
2021-07-30_D68,80
2021-07-30_D69,128
2021-07-30_D7,208
2021-07-30_D70,92
2021-07-30_D71,403
2021-07-30_D72,607
2021-07-30_D73,267
2021-07-30_D74,377
2021-07-30_D75,397
2021-07-30_D76,340
2021-07-30_D77,366
2021-07-30_D78,78
2021-07-30_D79,292
2021-07-30_D8,164
2021-07-30_D80,225
2021-07-30_D9,230
2021-07-31_D1,551
2021-07-31_D10,223
2021-07-31_D11,1066
2021-07-31_D12,1443
2021-07-31_D13,888
2021-07-31_D14,719
2021-07-31_D15,1045
2021-07-31_D16,701
2021-07-31_D17,908
2021-07-31_D18,351
2021-07-31_D19,323
2021-07-31_D2,666
2021-07-31_D20,672
2021-07-31_D21,649
2021-07-31_D22,288
2021-07-31_D23,371
2021-07-31_D24,339
2021-07-31_D25,373
2021-07-31_D26,231
2021-07-31_D27,99
2021-07-31_D28,89
2021-07-31_D29,36
2021-07-31_D3,252
2021-07-31_D30,45
2021-07-31_D31,272
2021-07-31_D32,389
2021-07-31_D33,497
2021-07-31_D34,250
2021-07-31_D35,367
2021-07-31_D36,309
2021-07-31_D37,214
2021-07-31_D38,266
2021-07-31_D39,206
2021-07-31_D4,318
2021-07-31_D40,266
2021-07-31_D41,214
2021-07-31_D42,420
2021-07-31_D43,235
2021-07-31_D44,278
2021-07-31_D45,359
2021-07-31_D46,355
2021-07-31_D47,322
2021-07-31_D48,206
2021-07-31_D49,305
2021-07-31_D5,176
2021-07-31_D50,231
2021-07-31_D51,113
2021-07-31_D52,187
2021-07-31_D53,336
2021-07-31_D54,206
2021-07-31_D55,114
2021-07-31_D56,122
2021-07-31_D57,187
2021-07-31_D58,114
2021-07-31_D59,176
2021-07-31_D6,190
2021-07-31_D60,97
2021-07-31_D61,101
2021-07-31_D62,109
2021-07-31_D63,109
2021-07-31_D64,109
2021-07-31_D65,14
2021-07-31_D66,109
2021-07-31_D67,144
2021-07-31_D68,109
2021-07-31_D69,187
2021-07-31_D7,171
2021-07-31_D70,109
2021-07-31_D71,538
2021-07-31_D72,334
2021-07-31_D73,257
2021-07-31_D74,493
2021-07-31_D75,626
2021-07-31_D76,500
2021-07-31_D77,257
2021-07-31_D78,326
2021-07-31_D79,574
2021-07-31_D8,308
2021-07-31_D80,240
2021-07-31_D9,559
